date_nice,date,feast,color,title,mass,comments
01 Jan,2026/01/01,A,W,"The Blessed Virgin Mary, the Mother of God","Mass of the Solemnity, EP-1",So.Ex
02 Jan,2026/01/02,D,W,"Saint Basil the Great and Saint Gregory Nazianzen, bishops and doctors of the Church","Mass of the Memorial, EP-1",Vigil
03 Jan,2026/01/03,C,W,The Most Holy Name of Jesus,"Mass of the Optional Memorial, EP-1",Si.Ex
04 Jan,2026/01/04,A,W,The Epiphany of the Lord,"Mass of the Solemnity, EP-1",So.Ex
05 Jan,2026/01/05,D,W,Monday after Epiphany,"Mass of the day, EP-2",
06 Jan,2026/01/06,D,W,Tuesday after Epiphany,"Mass of the day, EP-1",
07 Jan,2026/01/07,D,W,Wednesday after Epiphany,"Mass of the day, EP-3",
08 Jan,2026/01/08,D,W,Thursday after Epiphany,"Mass of the day, EP-2",
09 Jan,2026/01/09,A,W,Our Father's birthday,"Saint Josemaria, readings 26 June without 2 reading, EP-1",So.Ex
10 Jan,2026/01/10,D,W,Saturday after Epiphany,"Mass of the day, EP-3",Si.Ex
11 Jan,2026/01/11,C,W,The Baptism of the Lord,"Mass of the Feast, EP-1",
12 Jan,2026/01/12,,W,Monday in the 1ˢᵗ Week in Ordinary Time,"Mass for the most Holy Trinity, EP-3",
13 Jan,2026/01/13,,W,"Saint Hilary, bishop and doctor of the Church","Mass of the Optional Memorial, EP-1",
14 Jan,2026/01/14,,R,"Saint Devasahayam, martyr","Mass of the Optional Memorial, EP-2",
15 Jan,2026/01/15,,R,Thursday in the 1ˢᵗ Week in Ordinary Time,"Mass of the Holy Spirit (option A), EP-3",
16 Jan,2026/01/16,,W,"Saint Joseph Vaz, priest","Mass of the Optional Memorial, EP-1",
17 Jan,2026/01/17,,W,"Saint Anthony, abbot","Mass of the Memorial, EP-2",Si.Ex
18 Jan,2026/01/18,C,G,2ⁿᵈ Sunday in Ordinary Time,"Mass of the day, EP-4","Week of Prayer for Christian Unity (1), Quicumque"
19 Jan,2026/01/19,,G,Monday in the 2ⁿᵈ Week in Ordinary Time,"Mass for the unity of Christians (option A), EP-2",Week of Prayer for Christian Unity (2)
20 Jan,2026/01/20,,R,"Saint Sebastian, martyr","Mass of the Optional Memorial, EP-1",Week of Prayer for Christian Unity (3)
21 Jan,2026/01/21,,R,"Saint Agnes, virgin and martyr","Mass of the Memorial, EP-3",Week of Prayer for Christian Unity (4)
22 Jan,2026/01/22,,R,"Saint Vincent, deacon and martyr","Mass of the Optional Memorial, EP-2",Week of Prayer for Christian Unity (5)
23 Jan,2026/01/23,B,W,Anniversary Father's election (2017),"Our Lord Jesus Christ, the Eternal High Priest, EP-1","Te Deum, Week of Prayer for Christian Unity (6), Si.Ex"
24 Jan,2026/01/24,C,W,"Saint Francis de Sales, bishop and doctor of the Church (Our Lady of Peace)","Mass of the Memorial, EP-3","Week of Prayer for Christian Unity (7), Si.Ex"
25 Jan,2026/01/25,C,G,3ʳᵈ Sunday in Ordinary Time,"Mass of the day, EP-1",Week of Prayer for Christian Unity (8)
26 Jan,2026/01/26,C,W,Republic Day,"Mass of the day, EP-1",
27 Jan,2026/01/27,,W,"Saint Timothy and Saint Titus, bishops","Mass of the Memorial, EP-2",
28 Jan,2026/01/28,,W,"Saint Thomas Aquinas, priest and doctor of the Church","Mass of the Memorial, EP-3",
29 Jan,2026/01/29,,W,Thursday in the 3ʳᵈ Week in Ordinary Time,"Mass of the most Holy Eucahrist, EP-4",
30 Jan,2026/01/30,,R,Friday in the 3ʳᵈ Week in Ordinary Time,"Mass of the mystery of the Holy Cross, EP-1",
31 Jan,2026/01/31,,W,"Saint John Bosco, priest","Mass of the Memorial, EP-2",Si.Ex
01 Feb,2026/02/01,C,G,4ᵗʰ Sunday in Ordinary Time,"Mass of the day, EP-3",1 Sunday of St. Joseph
02 Feb,2026/02/02,C,W,The Presentation of the Lord,"Mass of the Feast, EP-3",
03 Feb,2026/02/03,,R,"Saint Blase, bishop and martyr","Mass of the Optional Memorial, EP-4",
04 Feb,2026/02/04,,R,"Saint John de Britto, priest and martyr","Mass of the Memorial, EP-2",
05 Feb,2026/02/05,,R,"Saint Agatha, virgin and martyr","Mass of the Memorial, EP-1",
06 Feb,2026/02/06,,R,"Saint Paul Miki and companions, martyrs","Mass of the Memorial, EP-3",Vigil
07 Feb,2026/02/07,,R,"Saint Gonsalo Garcia, religious and martyr","Mass of the Memorial, EP-2",Si.Ex
08 Feb,2026/02/08,C,G,5ᵗʰ Sunday in Ordinary Time,"Mass of the day, EP-1",2 Sunday of St. Joseph
09 Feb,2026/02/09,,V,Monday in the 5ᵗʰ Week in Ordinary Time,"Mass for all the dead (option 1), EP-2",
10 Feb,2026/02/10,,W,"Saint Scholastica, virgin","Mass of the Memorial, EP-1",
11 Feb,2026/02/11,D,W,Our Lady of Lourdes,"Mass of the Memorial, EP-3",
12 Feb,2026/02/12,,G,Thursday in the 5ᵗʰ Week in Ordinary Time,"Mass for the Church (option A), EP-4",
13 Feb,2026/02/13,,W,"Saint Cyril, monk, and Saint Methodius, bishop","Mass of the Memorial, EP-2",
14 Feb,2026/02/14,A,W,"Holy Mary, Mother of fair love","Mass of the Feast, EP-1","Anniversary women (1930) and sss+ (1943), Te Deum, Plenary Indulgence, So.Ex"
15 Feb,2026/02/15,C,G,6ᵗʰ Sunday in Ordinary Time,"Mass of the day, EP-3","Quicumque, 3 Sunday of St. Joseph"
16 Feb,2026/02/16,,W,Monday in the 6ᵗʰ Week in Ordinary Time,"Mass for the most Holy Trinity, EP-2",
17 Feb,2026/02/17,,W,Tuesday in the 6ᵗʰ Week in Ordinary Time,"Mass of the Holy Angels, EP-1",
18 Feb,2026/02/18,,V,Ash Wednesday,"Mass of the day, EP-3",
19 Feb,2026/02/19,,V,Thursday after Ash Wednesday,"Mass of the day, EP-2",
20 Feb,2026/02/20,,V,Friday after Ash Wednesday,"Mass of the day, EP-1",
21 Feb,2026/02/21,,V,Saturday after Ash Wednesday,"Mass of the day, EP-3",Si.Ex
22 Feb,2026/02/22,C,V,1ˢᵗ Sunday of Lent,"Mass of the day, EP-3",4 Sunday of St. Joseph
23 Feb,2026/02/23,,V,Monday in the 1ˢᵗ Week of Lent,"Mass of the day, EP-2",
24 Feb,2026/02/24,D,V,Tuesday in the 1ˢᵗ Week of Lent (Anniversary Decretum Laudis (1947)),"Mass of the day, EP-1",
25 Feb,2026/02/25,,V,Wednesday in the 1ˢᵗ Week of Lent,"Mass of the day, EP-3",
26 Feb,2026/02/26,,V,Thursday in the 1ˢᵗ Week of Lent,"Mass of the day, EP-2",
27 Feb,2026/02/27,,V,Friday in the 1ˢᵗ Week of Lent,"Mass of the day, EP-1",
28 Feb,2026/02/28,,V,Saturday in the 1ˢᵗ Week of Lent,"Mass of the day, EP-3",Si.Ex
01 Mar,2026/03/01,C,V,2ⁿᵈ Sunday of Lent,"Mass of the day, EP-1",5 Sunday of St. Joseph
02 Mar,2026/03/02,,V,Monday in the 2ⁿᵈ Week of Lent,"Mass of the day, EP-3",
03 Mar,2026/03/03,,V,Tuesday in the 2ⁿᵈ Week of Lent,"Mass of the day, EP-1",
04 Mar,2026/03/04,,V,Wednesday in the 2ⁿᵈ Week of Lent,"Mass of the day, EP-2",
05 Mar,2026/03/05,,V,Thursday in the 2ⁿᵈ Week of Lent,"Mass of the day, EP-3",
06 Mar,2026/03/06,,V,Friday in the 2ⁿᵈ Week of Lent,"Mass of the day, EP-1",Vigil
07 Mar,2026/03/07,,V,Saturday in the 2ⁿᵈ Week of Lent,"Mass of the day, EP-2",Si.Ex
08 Mar,2026/03/08,C,V,3ʳᵈ Sunday of Lent,"Mass of the day, EP-3",6 Sunday of St. Joseph
09 Mar,2026/03/09,,V,Monday in the 3ʳᵈ Week of Lent,"Mass of the day, EP-2",
10 Mar,2026/03/10,,V,Tuesday in the 3ʳᵈ Week of Lent,"Mass of the day, EP-1",
11 Mar,2026/03/11,,V,Wednesday in the 3ʳᵈ Week of Lent (Anniversary episcopal ordination Anil (Delhi)),"Mass of the day, EP-3",
12 Mar,2026/03/12,,V,Thursday in the 3ʳᵈ Week of Lent,"Mass of the day, EP-2",
13 Mar,2026/03/13,,V,Friday in the 3ʳᵈ Week of Lent,"Mass of the day, EP-1",
14 Mar,2026/03/14,,V,Saturday in the 3ʳᵈ Week of Lent,"Mass of the day, EP-3",Si.Ex
15 Mar,2026/03/15,C,V,4ᵗʰ Sunday of Lent (Laetare),"Mass of the day, EP-1","Quicumque, 7 Sunday of St. Joseph"
16 Mar,2026/03/16,,V,Monday in the 4ᵗʰ Week of Lent,"Mass of the day, EP-3",
17 Mar,2026/03/17,,V,Tuesday in the 4ᵗʰ Week of Lent,"Mass of the day, EP-1",
18 Mar,2026/03/18,,V,Wednesday in the 4ᵗʰ Week of Lent,"Mass of the day, EP-2",
19 Mar,2026/03/19,A,W,"Saint Joseph, husband of Mary","Mass of the Solemnity, EP-3","Saintday Grandfather and our Father, Plenary Indulgence, So.Ex"
20 Mar,2026/03/20,,V,Friday in the 4ᵗʰ Week of Lent,"Mass of the day, EP-1",
21 Mar,2026/03/21,,V,Saturday in the 4ᵗʰ Week of Lent,"Mass of the day, EP-2",Si.Ex
22 Mar,2026/03/22,C,V,5ᵗʰ Sunday of Lent,"Mass of the day, EP-3",
23 Mar,2026/03/23,,V,Monday in the 5ᵗʰ Week of Lent,"Mass of the day, EP-2", Blessed Alvaro
24 Mar,2026/03/24,D,V,Tuesday in the 5ᵗʰ Week of Lent (Family feast (old Saint Gabriel)),"Mass of the day, EP-3",
25 Mar,2026/03/25,A,W,The Annunciation of the Lord,"Mass of the Solemnity, EP-1",So.Ex
26 Mar,2026/03/26,,V,Thursday in the 5ᵗʰ Week of Lent,"Mass of the day, EP-2",
27 Mar,2026/03/27,C,V,Friday in the 5ᵗʰ Week of Lent (Grandmothers' saintday),"Mass of the day, EP-3",
28 Mar,2026/03/28,B,V,Saturday in the 5ᵗʰ Week of Lent (Anniversary our Father's priestly ordination (1925)),"Mass of the day, EP-1",Si.Ex
29 Mar,2026/03/29,B,R,Palm Sunday of the Lord’s Passion,"Mass of the day, EP-1",
30 Mar,2026/03/30,,V,Monday of Holy Week,"Mass of the day, EP-3",
31 Mar,2026/03/31,,V,Tuesday of Holy Week,"Mass of the day, EP-2",
01 Apr,2026/04/01,,V,Wednesday of Holy Week,"Mass of the day, EP-3",
02 Apr,2026/04/02,A,W,Holy Thursday of the Lord’s Supper,"Mass of the day, EP-1",
03 Apr,2026/04/03,,R,Good Friday of the Lord’s Passion,"Mass of the day, EP-1",Vigil
04 Apr,2026/04/04,,W,Holy Saturday,"Mass of the day, EP-1",
05 Apr,2026/04/05,A,W,Easter Sunday of the Lord’s Resurrection,"Mass of the day, EP-1",So.Ex
06 Apr,2026/04/06,D,W,Monday in the Octave of Easter,"Mass of the Solemnity, EP-1",
07 Apr,2026/04/07,D,W,Tuesday in the Octave of Easter,"Mass of the Solemnity, EP-1",
08 Apr,2026/04/08,D,W,Wednesday in the Octave of Easter,"Mass of the Solemnity, EP-1",
09 Apr,2026/04/09,D,W,Thursday in the Octave of Easter,"Mass of the Solemnity, EP-1",
10 Apr,2026/04/10,D,W,Friday in the Octave of Easter,"Mass of the Solemnity, EP-1",
11 Apr,2026/04/11,D,W,Saturday in the Octave of Easter,"Mass of the Solemnity, EP-1",Si.Ex
12 Apr,2026/04/12,C,W,2ⁿᵈ Sunday of Easter (Divine Mercy),"Mass of the day, EP-1",
13 Apr,2026/04/13,,R,"Saint Martin I, pope and martyr","Mass of the Optional Memorial, EP-1",
14 Apr,2026/04/14,,W,Tuesday in the 2ⁿᵈ Week of Easter,"Mass of the day, EP-1",
15 Apr,2026/04/15,,W,Wednesday in the 2ⁿᵈ Week of Easter,"Mass of the day, EP-1",
16 Apr,2026/04/16,,W,Thursday in the 2ⁿᵈ Week of Easter,"Mass of the day, EP-1",
17 Apr,2026/04/17,,W,Friday in the 2ⁿᵈ Week of Easter,"Mass of the day, EP-1",
18 Apr,2026/04/18,,W,Saturday in the 2ⁿᵈ Week of Easter,"Mass of the day, EP-1",Si.Ex
19 Apr,2026/04/19,C,W,3ʳᵈ Sunday of Easter,"Mass of the day, EP-1",Quicumque
20 Apr,2026/04/20,,W,Monday in the 3ʳᵈ Week of Easter,"Mass of the day, EP-2",
21 Apr,2026/04/21,,W,"Saint Anselm, bishop and doctor of the Church","Mass of the Optional Memorial, EP-1",
22 Apr,2026/04/22,,W,Wednesday in the 3ʳᵈ Week of Easter,"Mass of the day, EP-3", Grandmother
23 Apr,2026/04/23,B,R,"Saint George, martyr","Mass of the Optional Memorial, EP-2",Si.Ex
24 Apr,2026/04/24,,W,Friday in the 3ʳᵈ Week of Easter,"Mass of the day, EP-1",
25 Apr,2026/04/25,C,R,"Saint Mark, evangelist","Mass of the Feast, EP-3",Si.Ex
26 Apr,2026/04/26,C,W,4ᵗʰ Sunday of Easter,"Mass of the day, EP-1",
27 Apr,2026/04/27,D,W,Our Lady of Montserrat,"Mass of the Optional Memorial, EP-3",
28 Apr,2026/04/28,,W,Tuesday in the 4ᵗʰ Week of Easter,"Mass of the day, EP-1",
29 Apr,2026/04/29,C,W,"Saint Catherine of Siena, virgin and doctor of the Church","Mass of the Memorial, EP-2",
30 Apr,2026/04/30,,W,"Saint Pius V, pope","Mass of the Optional Memorial, EP-3",
01 May,2026/05/01,C,W,Saint Joseph the Worker,"Mass of the Optional Memorial, EP-1",Vigil
02 May,2026/05/02,C,W,Anniversary dedication Prelatic Church,"Mass of the Feast, EP-2","Place flowers in the Wooden Cross, Si.Ex"
03 May,2026/05/03,C,W,5ᵗʰ Sunday of Easter,"Mass of the day, EP-3",
04 May,2026/05/04,D,W,"Saint Athanasius, bishop and doctor of the Church (Monday in the 5ᵗʰ Week of Easter)","Mass of the Memorial, EP-2",
05 May,2026/05/05,D,W,Tuesday in the 5ᵗʰ Week of Easter,"Mass of the day, EP-1",
06 May,2026/05/06,D,W,Wednesday in the 5ᵗʰ Week of Easter,"Mass of the day, EP-3",
07 May,2026/05/07,D,W,Thursday in the 5ᵗʰ Week of Easter,"Mass of the day, EP-2",
08 May,2026/05/08,B,W,Anniversary election of the Pope (2025),"Mass for the Pope, EP-1",Si.Ex
09 May,2026/05/09,D,W,Saturday in the 5ᵗʰ Week of Easter,"Mass of the day, EP-3",Si.Ex
10 May,2026/05/10,C,W,6ᵗʰ Sunday of Easter,"Mass of the day, EP-1",
11 May,2026/05/11,,W,Monday in the 6ᵗʰ Week of Easter,"Mass of the day, EP-3",
12 May,2026/05/12,B,W,"Blessed Alvaro, bishop","Mass of the Memorial, EP-1",Si.Ex
13 May,2026/05/13,D,W,Our Lady of Fatima,"Mass of the Optional Memorial, EP-2",
14 May,2026/05/14,C,R,"Saint Matthias, apostle","Mass of the Feast, EP-3",
15 May,2026/05/15,,W,Friday in the 6ᵗʰ Week of Easter,"Mass of the day, EP-1",
16 May,2026/05/16,,W,Saturday in the 6ᵗʰ Week of Easter,"Mass of the day, EP-2","Plenary Indulgence (St Simon Stock), Si.Ex"
17 May,2026/05/17,A,W,Ascension of the Lord (Anniversary our Father's beatification (1992)),"Mass of the Solemnity, EP-1","So.Ex, Quicumque"
18 May,2026/05/18,C,W,Blessed Gaudalupe,"Mass of the day, EP-2",
19 May,2026/05/19,,W,Tuesday in the 7ᵗʰ Week of Easter,"Mass of the day, EP-1",
20 May,2026/05/20,,W,Wednesday in the 7ᵗʰ Week of Easter,"Mass of the day, EP-3",
21 May,2026/05/21,,W,Thursday in the 7ᵗʰ Week of Easter,"Mass of the day, EP-2",
22 May,2026/05/22,,W,Friday in the 7ᵗʰ Week of Easter,"Mass of the day, EP-1",
23 May,2026/05/23,,W,Saturday in the 7ᵗʰ Week of Easter,"Mass of the day, EP-3",Si.Ex
24 May,2026/05/24,A,R,Pentecost Sunday,"Mass of the Solemnity, EP-1",So.Ex
25 May,2026/05/25,C,W,"The Blessed Virgin Mary, Mother of the Church","Mass of the Memorial, EP-3",
26 May,2026/05/26,,W,"Saint Philip Neri, priest","Mass of the Memorial, EP-1",
27 May,2026/05/27,,W,Wednesday in the 8ᵗʰ Week in Ordinary Time,"Mass of Saint Joseph, EP-2",
28 May,2026/05/28,,W,Thursday in the 8ᵗʰ Week in Ordinary Time,"Mass of the most Holy Eucahrist, EP-3",
29 May,2026/05/29,,W,"Saint Paul VI, pope","Mass of the Optional Memorial, EP-1",Trisagium Angelicum
30 May,2026/05/30,B,W,Saint Ferdinand,"Mass of the Optional Memorial, EP-2","Si.Ex, Trisagium Angelicum"
31 May,2026/05/31,A,W,The Most Holy Trinity,"Mass of the Solemnity, EP-1","So.Ex, Trisagium Angelicum"
01 Jun,2026/06/01,,R,"Saint Justin, martyr","Mass of the Memorial, EP-2",
02 Jun,2026/06/02,,G,Tuesday in the 9ᵗʰ Week in Ordinary Time,"Mass for the Family, EP-1",
03 Jun,2026/06/03,,R,"Saint Charles Lwanga and companions, martyrs","Mass of the Memorial, EP-3",
04 Jun,2026/06/04,,G,Thursday in the 9ᵗʰ Week in Ordinary Time,"Mass for the sanctification of human labour (option A), EP-2",
05 Jun,2026/06/05,,R,"Saint Boniface, bishop and martyr","Mass of the Memorial, EP-1",Vigil
06 Jun,2026/06/06,,W,Saturday in the 9ᵗʰ Week in Ordinary Time,"Mass of the Blessed Virgin Mary (option 1), EP-3",Si.Ex
07 Jun,2026/06/07,A,W,The Most Holy Body and Blood of Christ,"Mass of the Solemnity, EP-1",So.Ex
08 Jun,2026/06/08,,W,"Saint Thresia Chiramel Mankdiyan, virgin","Mass of the Optional Memorial, EP-3",So.Ex
09 Jun,2026/06/09,,W,"Saint Ephrem, deacon and doctor of the Church","Mass of the Optional Memorial, EP-1",So.Ex
10 Jun,2026/06/10,,W,Wednesday in the 10ᵗʰ Week in Ordinary Time,"Mass of St. Josemaria, EP-4",So.Ex
11 Jun,2026/06/11,C,R,"Saint Barnabas, apostle","Mass of the Memorial, EP-3",So.Ex
12 Jun,2026/06/12,A,W,The Most Sacred Heart of Jesus,"Mass of the Solemnity, EP-1",So.Ex
13 Jun,2026/06/13,C,W,The Immaculate Heart of the Blessed Virgin Mary,"Mass of the Memorial, EP-3",So.Ex
14 Jun,2026/06/14,C,G,11ᵗʰ Sunday in Ordinary Time,"Mass of the day, EP-1",So.Ex
15 Jun,2026/06/15,,V,Monday in the 11ᵗʰ Week in Ordinary Time,"Mass for all the dead (option 2), EP-2",
16 Jun,2026/06/16,C,W,Anniversary definitive approval of the Work (1950),"Thanksgiving, EP-3",
17 Jun,2026/06/17,,W,Wednesday in the 11ᵗʰ Week in Ordinary Time,"Mass of Saint Joseph, EP-4",
18 Jun,2026/06/18,,R,Thursday in the 11ᵗʰ Week in Ordinary Time,"Mass of the Holy Spirit (option B), EP-2",
19 Jun,2026/06/19,,R,Friday in the 11ᵗʰ Week in Ordinary Time,"Mass of the most Precious Blood of our Lord Jesus Christ, EP-3",
20 Jun,2026/06/20,,W,Saturday in the 11ᵗʰ Week in Ordinary Time,"Mass of the Blessed Virgin Mary (option 2), EP-1"," Aunt Carmen, Si.Ex"
21 Jun,2026/06/21,C,G,12ᵗʰ Sunday in Ordinary Time,"Mass of the day, EP-3",Quicumque
22 Jun,2026/06/22,C,R,"Saint John Fisher, bishop, and Saint Thomas More, martyrs","Mass of the Optional Memorial, EP-3",
23 Jun,2026/06/23,,G,Tuesday in the 12ᵗʰ Week in Ordinary Time,"Mass for the sick, EP-2",
24 Jun,2026/06/24,B,W,The Nativity of Saint John the Baptist,"Mass of the Solemnity, EP-1",Si.Ex
25 Jun,2026/06/25,C,W,Anniversary ordination first 3 priests (1944),"Our Lord Jesus Christ, the Eternal High Priest, EP-3",
26 Jun,2026/06/26,A,W,"Saint Josemaria, priest","Mass of the Solemnity, EP-1",So.Ex
27 Jun,2026/06/27,,W,"Saint Cyril of Alexandria, bishop and doctor of the Church","Mass of the Optional Memorial, EP-2",Si.Ex
28 Jun,2026/06/28,C,G,13ᵗʰ Sunday in Ordinary Time,"Mass of the day, EP-4",
29 Jun,2026/06/29,B,R,"Saint Peter and Saint Paul, apostles","Mass of the Solemnity, EP-1","Creed during Exp, Plenary Indulgence, Si.Ex"
30 Jun,2026/06/30,,R,The First Martyrs of the Church of Rome,"Mass of the Optional Memorial, EP-3",
01 Jul,2026/07/01,,G,Wednesday in the 13ᵗʰ Week in Ordinary Time,"Mass for the Church (option B), EP-2",
02 Jul,2026/07/02,,G,Thursday in the 13ᵗʰ Week in Ordinary Time,"Mass for the Pope, EP-4",
03 Jul,2026/07/03,B,R,"Saint Thomas, apostle","Mass of the Solemnity, EP-3","Si.Ex, Vigil"
04 Jul,2026/07/04,,W,Saturday in the 13ᵗʰ Week in Ordinary Time,"Our Lady, Mother of the Church, EP-2",Si.Ex
05 Jul,2026/07/05,C,G,14ᵗʰ Sunday in Ordinary Time,"Mass of the day, EP-1",
06 Jul,2026/07/06,,V,Monday in the 14ᵗʰ Week in Ordinary Time,"Mass for all the dead (option 3), EP-2",
07 Jul,2026/07/07,,W,Tuesday in the 14ᵗʰ Week in Ordinary Time,"Mass of the Holy Angels, EP-1",
08 Jul,2026/07/08,,W,Wednesday in the 14ᵗʰ Week in Ordinary Time,"Mass for the mercy of God, EP-3",
09 Jul,2026/07/09,,R,"Saint Augustine Zhao Rong, priest, and companions, martyrs","Mass of the Optional Memorial, EP-2",
10 Jul,2026/07/10,,W,Friday in the 14ᵗʰ Week in Ordinary Time,"Mass of the Most Sacred Heart of Jesus, EP-4",
11 Jul,2026/07/11,,W,"Saint Benedict, abbot","Mass of the Memorial, EP-3",Si.Ex
12 Jul,2026/07/12,C,G,15ᵗʰ Sunday in Ordinary Time,"Mass of the day, EP-1",
13 Jul,2026/07/13,,W,Monday in the 15ᵗʰ Week in Ordinary Time,"Mass for the most Holy Trinity, EP-3",
14 Jul,2026/07/14,,G,Tuesday in the 15ᵗʰ Week in Ordinary Time,"Mass for the evangelization of peoples (option A), EP-1",
15 Jul,2026/07/15,,W,"Saint Bonaventure, bishop and doctor of the Church","Mass of the Memorial, EP-3",
16 Jul,2026/07/16,C,W,Our Lady of Mount Carmel,"Mass of the Optional Memorial, EP-1","Aunt Carmen's saintday, Plenary Indulgence (Our Lady of Carmel)"
17 Jul,2026/07/17,,R,Friday in the 15ᵗʰ Week in Ordinary Time,"Mass of the mystery of the Holy Cross, EP-4",
18 Jul,2026/07/18,,W,Saturday in the 15ᵗʰ Week in Ordinary Time,"Mass of the Blessed Virgin Mary (option 3), EP-2",Si.Ex
19 Jul,2026/07/19,C,G,16ᵗʰ Sunday in Ordinary Time,"Mass of the day, EP-3",Quicumque
20 Jul,2026/07/20,,W,Monday in the 16ᵗʰ Week in Ordinary Time,"Mass of Blessed Alvaro, EP-3",Plenary Indulgence (St Elias)
21 Jul,2026/07/21,,G,Tuesday in the 16ᵗʰ Week in Ordinary Time,"Mass for the Family, EP-2",
22 Jul,2026/07/22,C,W,Saint Mary Magdalene,"Mass of the Feast, EP-1",
23 Jul,2026/07/23,,W,Thursday in the 16ᵗʰ Week in Ordinary Time,"Mass of the most Holy Eucahrist, EP-3",
24 Jul,2026/07/24,,W,"Saint Sharbel Makhluf, priest","Mass of the Optional Memorial, EP-2",
25 Jul,2026/07/25,C,R,"Saint James, apostle","Mass of the Feast, EP-1",Si.Ex
26 Jul,2026/07/26,C,G,17ᵗʰ Sunday in Ordinary Time,"Mass of the day, EP-4",
27 Jul,2026/07/27,,G,Monday in the 17ᵗʰ Week in Ordinary Time,"Mass for the Church (option C), EP-2",
28 Jul,2026/07/28,,W,"Saint Alphonsa Muttathu Padathu, virgin","Mass of the Memorial, EP-1",
29 Jul,2026/07/29,,W,"Saint Martha, Saint Mary and Saint Lazarus","Mass of the Memorial, EP-3",
30 Jul,2026/07/30,,W,"Saint Peter Chrysologus, bishop and doctor of the Church","Mass of the Optional Memorial, EP-2",
31 Jul,2026/07/31,,W,"Saint Ignatius of Loyola, priest","Mass of the Memorial, EP-1",Vigil
01 Aug,2026/08/01,,W,"Saint Alphonsus Liguori, bishop and doctor of the Church","Mass of the Memorial, EP-3",Si.Ex
02 Aug,2026/08/02,C,G,18ᵗʰ Sunday in Ordinary Time (Our Lady of Angels),"Mass of the day, EP-1",
03 Aug,2026/08/03,,W,Monday in the 18ᵗʰ Week in Ordinary Time,"Mass for the most Holy Trinity, EP-2",
04 Aug,2026/08/04,C,W,"Saint John Vianney, priest","Mass of the Memorial, EP-3",
05 Aug,2026/08/05,C,W,The Dedication of the Basilica of Saint Mary Major in Rome,"Mass of the Optional Memorial, EP-1",
06 Aug,2026/08/06,C,W,The Transfiguration of the Lord,"Mass of the Feast, EP-1",
07 Aug,2026/08/07,,R,"Saint Sixtus II, pope, and companions, martyrs","Mass of the Optional Memorial, EP-2",
08 Aug,2026/08/08,,W,"Saint Dominic, priest","Mass of the Memorial, EP-3",Si.Ex
09 Aug,2026/08/09,C,G,19ᵗʰ Sunday in Ordinary Time,"Mass of the day, EP-4",
10 Aug,2026/08/10,,R,"Saint Lawrence, deacon and martyr","Mass of the Feast, EP-3",
11 Aug,2026/08/11,,W,"Saint Clare, virgin","Mass of the Memorial, EP-1",
12 Aug,2026/08/12,,W,Wednesday in the 19ᵗʰ Week in Ordinary Time,"Mass of Saint Joseph, EP-4",
13 Aug,2026/08/13,,R,"Saint Pontian, pope, and Saint Hippolytus, priest, martyrs","Mass of the Optional Memorial, EP-2",
14 Aug,2026/08/14,,R,"Saint Maximilian Kolbe, priest and martyr","Mass of the Memorial, EP-3",
15 Aug,2026/08/15,A,W,The Assumption of the Blessed Virgin Mary,"Mass of the Solemnity, EP-1",So.Ex
16 Aug,2026/08/16,C,G,20ᵗʰ Sunday in Ordinary Time,"Mass of the day, EP-1",Quicumque
17 Aug,2026/08/17,,V,Monday in the 20ᵗʰ Week in Ordinary Time,"Mass for all the dead (option 4), EP-2",
18 Aug,2026/08/18,,W,Tuesday in the 20ᵗʰ Week in Ordinary Time,"Mass of the Holy Angels, EP-1",
19 Aug,2026/08/19,,W,"Saint John Eudes, priest","Mass of the Optional Memorial, EP-3",
20 Aug,2026/08/20,,W,"Saint Bernard, abbot and doctor of the Church","Mass of the Memorial, EP-2",
21 Aug,2026/08/21,C,W,"Saint Pius X, pope","Mass of the Memorial, EP-1",
22 Aug,2026/08/22,C,W,The Queenship of the Blessed Virgin Mary,"Mass of the Memorial, EP-3",Si.Ex
23 Aug,2026/08/23,C,G,21ˢᵗ Sunday in Ordinary Time (Anniv. announcement erection Opus Dei in personal Prelature (1982)),"Mass of the day, EP-4",
24 Aug,2026/08/24,C,R,"Saint Bartholomew, apostle","Mass of the Feast, EP-1",
25 Aug,2026/08/25,,W,"Saint Joseph Calasanz, priest","Mass of the Optional Memorial, EP-3",
26 Aug,2026/08/26,,W,Wednesday in the 21ˢᵗ Week in Ordinary Time,"Mass of St. Josemaria, EP-2",
27 Aug,2026/08/27,,W,Saint Monica,"Mass of the Memorial, EP-1",
28 Aug,2026/08/28,,W,"Saint Augustine, bishop and doctor of the Church","Mass of the Memorial, EP-3",
29 Aug,2026/08/29,,R,"The Passion of Saint John the Baptist, martyr","Mass of the Memorial, EP-2",Si.Ex
30 Aug,2026/08/30,C,G,22ⁿᵈ Sunday in Ordinary Time,"Mass of the day, EP-3",
31 Aug,2026/08/31,,W,Monday in the 22ⁿᵈ Week in Ordinary Time,"Mass for the most Holy Trinity, EP-2",
01 Sep,2026/09/01,,G,Tuesday in the 22ⁿᵈ Week in Ordinary Time,"Mass for the Pope, EP-4",
02 Sep,2026/09/02,,W,Wednesday in the 22ⁿᵈ Week in Ordinary Time,"Mass of Saint Joseph, EP-3",
03 Sep,2026/09/03,,W,"Saint Gregory the Great, pope and doctor of the Church","Mass of the Memorial, EP-1",
04 Sep,2026/09/04,,W,Friday in the 22ⁿᵈ Week in Ordinary Time,"Mass of the Most Sacred Heart of Jesus, EP-2",Vigil
05 Sep,2026/09/05,,W,"Saint Teresa of Calcutta, virgin","Mass of the Optional Memorial, EP-1",Si.Ex
06 Sep,2026/09/06,C,G,23ʳᵈ Sunday in Ordinary Time,"Mass of the day, EP-1",
07 Sep,2026/09/07,D,W,Anniversary Father's admission's petition (1961),"Saint Josemaria, EP-3",
08 Sep,2026/09/08,C,W,The Nativity of the Blessed Virgin Mary,"Mass of the Feast, EP-1",
09 Sep,2026/09/09,,G,Wednesday in the 23ʳᵈ Week in Ordinary Time,"Mass for the Church (option D), EP-2",
10 Sep,2026/09/10,,R,Thursday in the 23ʳᵈ Week in Ordinary Time,"Mass of the Holy Spirit (option C), EP-3",
11 Sep,2026/09/11,,R,Friday in the 23ʳᵈ Week in Ordinary Time,"Mass of the most Precious Blood of our Lord Jesus Christ, EP-2",
12 Sep,2026/09/12,C,W,The Most Holy Name of Mary,"Mass of the Optional Memorial, EP-1",Si.Ex
13 Sep,2026/09/13,C,G,24ᵗʰ Sunday in Ordinary Time,"Mass of the day, EP-4",Place flowers in the Wooden Cross
14 Sep,2026/09/14,B,R,The Exaltation of the Holy Cross (Pope's birthday),"Mass of the Feast, EP-1","Plenary Indulgence, Si.Ex"
15 Sep,2026/09/15,C,W,Our Lady of Sorrows,"Mass of the Memorial, EP-3",
16 Sep,2026/09/16,,R,"Saint Cornelius, pope, and Saint Cyprian, bishop, martyrs","Mass of the Memorial, EP-2",
17 Sep,2026/09/17,,W,Thursday in the 24ᵗʰ Week in Ordinary Time,"Mass of the most Holy Eucahrist, EP-3",
18 Sep,2026/09/18,,R,Friday in the 24ᵗʰ Week in Ordinary Time,"Mass of the mystery of the Holy Cross, EP-2",
19 Sep,2026/09/19,,W,Saturday in the 24ᵗʰ Week in Ordinary Time,"Mass of the Blessed Virgin Mary (option 4), EP-4",Si.Ex
20 Sep,2026/09/20,C,G,25ᵗʰ Sunday in Ordinary Time,"Mass of the day, EP-1",Quicumque
21 Sep,2026/09/21,C,R,"Saint Matthew, apostle and evangelist","Mass of the Feast, EP-1",
22 Sep,2026/09/22,,W,Tuesday in the 25ᵗʰ Week in Ordinary Time,"Mass of the Holy Angels, EP-2",
23 Sep,2026/09/23,,W,"Saint Pius of Pietrelcina, priest","Mass of the Memorial, EP-3",
24 Sep,2026/09/24,D,W,Our Lady of Ransom,"Mass of the Optional Memorial, EP-3",
25 Sep,2026/09/25,,R,Friday in the 25ᵗʰ Week in Ordinary Time,"Mass of the most Precious Blood of our Lord Jesus Christ, EP-4",
26 Sep,2026/09/26,,R,"Saint Cosmas and Saint Damian, martyrs","Mass of the Optional Memorial, EP-1",Si.Ex
27 Sep,2026/09/27,C,G,26ᵗʰ Sunday in Ordinary Time,"Mass of the day, EP-1",
28 Sep,2026/09/28,,V,Monday in the 26ᵗʰ Week in Ordinary Time,"Mass for all the dead (option 5), EP-2",
29 Sep,2026/09/29,B,W,"Saint Michael, Saint Gabriel, and Saint Raphael, archangels","Mass of the Feast, EP-1","Plenary Indulgence, Si.Ex"
30 Sep,2026/09/30,,W,"Saint Jerome, priest and doctor of the Church","Mass of the Memorial, EP-3",
01 Oct,2026/10/01,,W,"Saint Thérèse of the Child Jesus, virgin and doctor of the Church","Mass of the Feast, EP-3",Plenary Indulgence (St Theresa)
02 Oct,2026/10/02,A,W,The Holy Guardian Angels (Anniversary Opus Dei foundation),"Mass of the Solemnity, EP-1","Te Deum, plenary indulgence, Plenary Indulgence, So.Ex, Vigil"
03 Oct,2026/10/03,,W,Saturday in the 26ᵗʰ Week in Ordinary Time,"The Most Holy Name of Mary, EP-3",Si.Ex
04 Oct,2026/10/04,C,G,27ᵗʰ Sunday in Ordinary Time,"Mass of the day, EP-4",
05 Oct,2026/10/05,,W,Monday in the 27ᵗʰ Week in Ordinary Time,"Mass for the most Holy Trinity, EP-2",
06 Oct,2026/10/06,A,W,Anniversary Saint Josemaria's canonization (2002),"Mass of the day, EP-1",So.Ex
07 Oct,2026/10/07,C,W,Our Lady of the Rosary,"Mass of the Memorial, EP-3",
08 Oct,2026/10/08,,R,Thursday in the 27ᵗʰ Week in Ordinary Time,"Mass of the Holy Spirit (option B), EP-4",
09 Oct,2026/10/09,,R,"Saint Denis, bishop, and companions, martyrs","Mass of the Optional Memorial, EP-2",
10 Oct,2026/10/10,,W,Saturday in the 27ᵗʰ Week in Ordinary Time,"Our Lady, Queen of Apostles, EP-3",Si.Ex
11 Oct,2026/10/11,C,G,"28ᵗʰ Sunday in Ordinary Time (Saint John XXIII, pope)","Mass of the day, EP-1",
12 Oct,2026/10/12,D,W,Our Lady of Pillar,"Mass of the Optional Memorial, EP-3",
13 Oct,2026/10/13,,G,Tuesday in the 28ᵗʰ Week in Ordinary Time,"Mass for the Pope, EP-4",
14 Oct,2026/10/14,,W,Wednesday in the 28ᵗʰ Week in Ordinary Time,"Mass of Saint Joseph, EP-2",
15 Oct,2026/10/15,,W,"Saint Teresa of Jesus, virgin and doctor of the Church","Mass of the Memorial, EP-1",Plenary Indulgence (St Theresa)
16 Oct,2026/10/16,,W,"Blessed Augustine Thevarparambil, priest","Mass of the Optional Memorial, EP-3",
17 Oct,2026/10/17,,R,"Saint Ignatius of Antioch, bishop and martyr","Mass of the Memorial, EP-2",Si.Ex
18 Oct,2026/10/18,C,G,29ᵗʰ Sunday in Ordinary Time,"Mass of the day, EP-1",Quicumque
19 Oct,2026/10/19,,G,Monday in the 29ᵗʰ Week in Ordinary Time,"Mass for the Family, EP-2",
20 Oct,2026/10/20,,G,Tuesday in the 29ᵗʰ Week in Ordinary Time,"Mass for the Church (option A), EP-1",
21 Oct,2026/10/21,,W,Wednesday in the 29ᵗʰ Week in Ordinary Time,"Mass of St. Josemaria, EP-3",
22 Oct,2026/10/22,C,W,"Saint John Paul II, pope","Mass of the Optional Memorial, EP-1",
23 Oct,2026/10/23,,R,Friday in the 29ᵗʰ Week in Ordinary Time,"Mass of the mystery of the Holy Cross, EP-4",
24 Oct,2026/10/24,D,W,Family feast (old Saint Raphael),"Holy Angels, EP-2",Si.Ex
25 Oct,2026/10/25,C,G,30ᵗʰ Sunday in Ordinary Time,"Mass of the day, EP-1",
26 Oct,2026/10/26,,V,Monday in the 30ᵗʰ Week in Ordinary Time,"Mass for all the dead (option 6), EP-2",
27 Oct,2026/10/27,B,W,Father's birthday (1944),"Our Lord Jesus Christ, the Eternal High Priest, EP-3",Si.Ex
28 Oct,2026/10/28,C,R,"Saint Simon and Saint Jude, apostles","Mass of the Feast, EP-1",
29 Oct,2026/10/29,,W,Thursday in the 30ᵗʰ Week in Ordinary Time,"Mass of the most Holy Eucahrist, EP-2",
30 Oct,2026/10/30,,R,Friday in the 30ᵗʰ Week in Ordinary Time,"Mass of the most Precious Blood of our Lord Jesus Christ, EP-4",
31 Oct,2026/10/31,,W,Saturday in the 30ᵗʰ Week in Ordinary Time,"Mass of the Blessed Virgin Mary (option 5), EP-3",Si.Ex
01 Nov,2026/11/01,B,W,All Saints,"Mass of the Solemnity, EP-1",Si.Ex
02 Nov,2026/11/02,,V,The Commemoration of all the Faithful Departed (All Souls),"Mass of the day, EP-2",Response with 3 prayers after Mass
03 Nov,2026/11/03,,W,Tuesday in the 31ˢᵗ Week in Ordinary Time,"Mass of the Holy Angels, EP-1",Mass for members deceased since last 2 Nov
04 Nov,2026/11/04,,W,"Saint Charles Borromeo, bishop","Mass of the Memorial, EP-3",Mass for deceased of the Region
05 Nov,2026/11/05,,R,Thursday in the 31ˢᵗ Week in Ordinary Time,"Mass of the Holy Spirit (option A), EP-4",1st Novena for all deceased members (1)
06 Nov,2026/11/06,,W,Friday in the 31ˢᵗ Week in Ordinary Time,"Mass of the Most Sacred Heart of Jesus, EP-2","1st Novena for all deceased members (2), Vigil"
07 Nov,2026/11/07,D,R,"Saint Severino, martyr","Mass of the Optional Memorial, EP-3","1st Novena for all deceased members (3), Si.Ex"
08 Nov,2026/11/08,C,G,32ⁿᵈ Sunday in Ordinary Time,"Mass of the day, EP-1",1st Novena for all deceased members (4)
09 Nov,2026/11/09,,W,The Dedication of the Lateran Basilica in Rome,"Mass of the Feast, EP-1",1st Novena for all deceased members (5)
10 Nov,2026/11/10,,W,"Saint Leo the Great, pope and doctor of the Church","Mass of the Memorial, EP-3",1st Novena for all deceased members (6)
11 Nov,2026/11/11,,W,"Saint Martin of Tours, bishop","Mass of the Memorial, EP-2",1st Novena for all deceased members (7)
12 Nov,2026/11/12,,R,"Saint Josaphat, bishop and martyr","Mass of the Memorial, EP-1",1st Novena for all deceased members (8)
13 Nov,2026/11/13,,R,Friday in the 32ⁿᵈ Week in Ordinary Time,"Mass of the mystery of the Holy Cross, EP-4",1st Novena for all deceased members (9)
14 Nov,2026/11/14,,W,Saturday in the 32ⁿᵈ Week in Ordinary Time,"Our Lady, Mother of the Church, EP-3","2st Novena for all deceased members (1), Plenary Indulgence (all carmelites saints), Si.Ex"
15 Nov,2026/11/15,C,G,33ʳᵈ Sunday in Ordinary Time,"Mass of the day, EP-1","2st Novena for all deceased members (2), Quicumque"
16 Nov,2026/11/16,,W,Monday in the 33ʳᵈ Week in Ordinary Time,"Mass for the most Holy Trinity, EP-2",2st Novena for all deceased members (3)
17 Nov,2026/11/17,,W,"Saint Elizabeth of Hungary, religious","Mass of the Memorial, EP-3",2st Novena for all deceased members (4)
18 Nov,2026/11/18,,W,"The Dedication of the Basilicas of Saint Peter and Saint Paul in Rome, apostles","Mass of the Optional Memorial, EP-1",2st Novena for all deceased members (5)
19 Nov,2026/11/19,,W,Thursday in the 33ʳᵈ Week in Ordinary Time,"Mass of the most Holy Eucahrist, EP-2",2st Novena for all deceased members (6)
20 Nov,2026/11/20,,R,Friday in the 33ʳᵈ Week in Ordinary Time,"Mass of the most Precious Blood of our Lord Jesus Christ, EP-4",2st Novena for all deceased members (7)
21 Nov,2026/11/21,C,W,The Presentation of the Blessed Virgin Mary,"Mass of the Memorial, EP-3","2st Novena for all deceased members (8), Si.Ex"
22 Nov,2026/11/22,C,W,"Our Lord Jesus Christ, King of the Universe","Mass of the Solemnity, EP-1","Consecration MSH of Jesus, 2st Novena for all deceased members (9)"
23 Nov,2026/11/23,,R,"Saint Clement I, pope and martyr","Mass of the Optional Memorial, EP-1","Mass deceased cp, eccl. assist. and benefactors"
24 Nov,2026/11/24,,R,"Saint Andrew Dung-Lac, priest, and companions, martyrs","Mass of the Memorial, EP-2",Mass for deceased parents of all members
25 Nov,2026/11/25,,R,"Saint Catherine of Alexandria, virgin and martyr","Mass of the Optional Memorial, EP-3",
26 Nov,2026/11/26,,R,Thursday in the 34ᵗʰ Week in Ordinary Time,"Mass of the Holy Spirit (option B), EP-4",
27 Nov,2026/11/27,D,W,Our Lady of the Miracolous Medal,"Mass of the Optional Memorial, EP-3", Grandfather
28 Nov,2026/11/28,A,W,Anniversary erection Opus Dei as Personal Prelature,"Thanksgiving, EP-1",So.Ex
29 Nov,2026/11/29,C,V,1ˢᵗ Sunday of Advent,"Mass of the day, EP-1",
30 Nov,2026/11/30,C,R,"Saint Andrew, apostle","Mass of the Feast, EP-1",Novena Immaculate Conception (1)
01 Dec,2026/12/01,,V,Tuesday in the 1ˢᵗ Week of Advent,"Mass of the day, EP-2",Novena Immaculate Conception (2)
02 Dec,2026/12/02,,V,Wednesday in the 1ˢᵗ Week of Advent,"Mass of the day, EP-3",Novena Immaculate Conception (3)
03 Dec,2026/12/03,B,W,"Saint Francis Xavier, priest","Mass of the Solemnity, EP-1","Novena Immaculate Conception (4), Si.Ex"
04 Dec,2026/12/04,,V,Friday in the 1ˢᵗ Week of Advent,"Mass of the day, EP-2","Novena Immaculate Conception (5), Vigil"
05 Dec,2026/12/05,,V,Saturday in the 1ˢᵗ Week of Advent,"Mass of the day, EP-3","Novena Immaculate Conception (6), Si.Ex"
06 Dec,2026/12/06,C,V,"2ⁿᵈ Sunday of Advent (Saint Nicholas, bishop)","Mass of the day, EP-3",Novena Immaculate Conception (7)
07 Dec,2026/12/07,,W,"Saint Ambrose, bishop and doctor of the Church","Mass of the Memorial, EP-3",Novena Immaculate Conception (8)
08 Dec,2026/12/08,A,W,The Immaculate Conception of the Blessed Virgin Mary,"Mass of the Solemnity, EP-1","Anniversary Consecration Delhi's Cathedral, Novena Immaculate Conception (9), So.Ex"
09 Dec,2026/12/09,,V,Wednesday in the 2ⁿᵈ Week of Advent,"Mass of the day, EP-2",
10 Dec,2026/12/10,D,W,Our Lady of Loreto,"Mass of the Optional Memorial, EP-3",
11 Dec,2026/12/11,,V,Friday in the 2ⁿᵈ Week of Advent,"Mass of the day, EP-2",
12 Dec,2026/12/12,D,W,Our Lady of Guadalupe,"Mass of the Optional Memorial, EP-1",Si.Ex
13 Dec,2026/12/13,C,V,3ʳᵈ Sunday of Advent (Gaudete),"Mass of the day, EP-1",
14 Dec,2026/12/14,,W,"Saint John of the Cross, priest and doctor of the Church","Mass of the Memorial, EP-3",Plenary Indulgence (St John of the Cross)
15 Dec,2026/12/15,,V,Tuesday in the 3ʳᵈ Week of Advent,"Mass of the day, EP-2",
16 Dec,2026/12/16,,V,Wednesday in the 3ʳᵈ Week of Advent,"Mass of the day, EP-1",
17 Dec,2026/12/17,,V,Advent Weekday (December 17),"Mass of the day, EP-3",
18 Dec,2026/12/18,,V,Advent Weekday (December 18),"Mass of the day, EP-2",
19 Dec,2026/12/19,,V,Advent Weekday (December 19),"Mass of the day, EP-1",Si.Ex
20 Dec,2026/12/20,C,V,4ᵗʰ Sunday of Advent,"Mass of the day, EP-3",Quicumque
21 Dec,2026/12/21,,V,Advent Weekday (December 21),"Mass of the day, EP-1",
22 Dec,2026/12/22,,V,Advent Weekday (December 22),"Mass of the day, EP-2",
23 Dec,2026/12/23,,V,Advent Weekday (December 23),"Mass of the day, EP-3",
24 Dec,2026/12/24,,V,Advent Weekday (December 24),"Mass of the day, EP-2",
25 Dec,2026/12/25,A,W,The Nativity of the Lord (Christmas),"Mass of the Solemnity, EP-1",So.Ex
26 Dec,2026/12/26,D,R,"Saint Stephen, first martyr","Mass of the Feast, EP-1",Si.Ex
27 Dec,2026/12/27,A,W,"The Holy Family of Jesus, Mary and Joseph","Mass of the Feast, EP-1","Consecration of the families, Plenary Indulgence, So.Ex"
28 Dec,2026/12/28,D,R,"The Holy Innocents, martyrs","Mass of the Feast, EP-1",
29 Dec,2026/12/29,D,W,5ᵗʰ Day in the Octave of Christmas,"Mass of the day, EP-1",
30 Dec,2026/12/30,D,W,6ᵗʰ Day in the Octave of Christmas,"Mass of the day, EP-1",
31 Dec,2026/12/31,D,W,7ᵗʰ Day in the Octave of Christmas,"Mass of the day, EP-1",
